{
  "name": "Steps",
  "description": "",
  "blocks": [
    {
      "id": "0c9b30c3-1efb-4641-aa98-15cbe5b109ab",
      "label": "GitHub - Get Commit",
      "environment": "HOSTED",
      "presentation": "{\"w\":100,\"x\":220,\"h\":50,\"y\":260}",
      "step": "04dfbbc8-2dee-421b-8b8e-909be32f63a8",
      "stepType": "SCRIPT_STEP",
      "inputMappings": [
        {
          "inputPort": "input",
          "mapping": "false",
          "stepInput": "7024e3a6-88f3-4124-9144-5487a9be1463"
        }
      ]
    },
    {
      "id": "0364110a-8307-4b90-a33d-037d92ec42ad",
      "label": "GitHub - Get Last Commit",
      "environment": "HOSTED",
      "presentation": "{\"w\":100,\"x\":220,\"h\":50,\"y\":40}",
      "step": "11ec6aa0-7fff-4763-b841-853639c51d89",
      "stepType": "SCRIPT_STEP",
      "inputMappings": [
        {
          "inputPort": "input",
          "mapping": "false",
          "stepInput": "c3562ee3-6c80-4f6a-9260-bb6dbac25f64"
        }
      ]
    },
    {
      "id": "9153771f-e2bb-4c45-ac90-3a8f967969a2",
      "label": "GitHub - Get Pull Request",
      "environment": "HOSTED",
      "presentation": "{\"w\":100,\"x\":220,\"h\":50,\"y\":480}",
      "step": "1a0d4d54-1cbe-437e-8dd9-94b7cc51a3de",
      "stepType": "SCRIPT_STEP",
      "inputMappings": [
        {
          "inputPort": "input",
          "mapping": "false",
          "stepInput": "aac9df39-e45e-4f56-835f-ef318f7826d9"
        }
      ]
    },
    {
      "id": "d6efb079-bf3a-4650-bff4-75b403d94f24",
      "label": "GitHub - Trigger Workflow",
      "environment": "HOSTED",
      "presentation": "{\"w\":100,\"x\":220,\"h\":50,\"y\":700}",
      "step": "e286bfb3-7e01-4024-a35c-d07125cd9b16",
      "stepType": "SCRIPT_STEP",
      "inputMappings": [
        {
          "inputPort": "input",
          "mapping": "false",
          "stepInput": "f826f31e-4839-4a20-bc89-effbde4c9837"
        }
      ]
    }
  ]
}