{
  "integrations": [
    {
      "id": "62141a58-15e3-4918-8020-3418a48ee20e",
      "name": "Example Canvas - Do Nothing Trigger",
      "action": "RUN_SCRIPT",
      "type": "INBOUND_WEBHOOK",
      "deployed": true,
      "form": "62e5571c-41b0-46ad-9a00-f21cda76620c",
      "environment": "HOSTED",
      "authType": "URL",
      "createdBy": "FLOW",
      "integrationScriptStepUuid": "9b8bddb4-0b47-47af-85ce-5e232db902ee"
    },
    {
      "id": "c9fc3b56-de45-4527-845a-661f885c1c73",
      "name": "Example Canvas - Trigger Flow",
      "action": "RUN_SCRIPT",
      "type": "INBOUND_WEBHOOK",
      "deployed": true,
      "form": "62e5571c-41b0-46ad-9a00-f21cda76620c",
      "environment": "HOSTED",
      "authType": "URL",
      "createdBy": "FLOW",
      "integrationScriptStepUuid": "d12385dc-c420-4a20-b151-4bd9857bb5ba"
    }
  ],
  "endpoints": [],
  "constants": []
}