[
  {
    "id": "04dfbbc8-2dee-421b-8b8e-909be32f63a8",
    "name": "GitHub - Get Commit",
    "description": "Query for a specific commit. Endpoint is https://api.github.com Credentials are username and personal access token",
    "icon": "https://s3-xmatters-static.s3.amazonaws.com/null/customers/b37a4596-1e89-4b51-98cd-83844cf25f31/IMAGE__20211019211928576__GitHub_Mark_64px.png",
    "script": "/*\nThe endpoint should be 'https://api.github.com'\nIf accessing private repo use basic auth with a personal access token\n*/\n\noutput['Step Error'] = 'false';\nswitch (input['Continue On Error'].toLowerCase().trim()) {\n    case 'true': case 'yes': case '1': contOnError = true; break;\n    default: contOnError = false;\n}\ntry {\n    var owner = '';\n    if(input['Repository Owner']){\n        owner = input['Repository Owner'];\n    } else {\n        throw new Error('Must provide Repository Owner');\n    }\n    \n    var repoName = '';\n    if(input['Repository Name']){\n        repoName = input['Repository Name'];\n    } else {\n        throw new Error('Must provide Repository Name');\n    }\n    \n    var commitSha = '';\n    if(input['SHA']){\n        commitSha = input['SHA'];\n    } else {\n        throw new Error('Must provide the commit SHA');\n    }\n    \n    var path = '/repos/' + owner + '/' + repoName + '/commits/' + commitSha;\n    \n    var request = http.request({\n        'endpoint': 'GitHub',\n        'path': path,\n        'method': 'GET',\n    });\n    var response = request.write();\n    \n    if (response.statusCode == '200'){\n        var payload = JSON.parse(response.body);\n    \n        output['URL'] = payload.html_url;\n        output['Committer Name'] = payload.commit.committer.name;\n        output['Committer Email'] = payload.commit.committer.email;\n        output['Author Name'] = payload.commit.author.name;\n        output['Author Email'] = payload.commit.author.email;\n        output['Timestamp'] = payload.commit.committer.date;\n        output['Message'] = payload.commit.message;\n        \n        changes = payload.files;\n        \n        slackChanges = '';\n        htmlChanges = '';\n        \n        for (change of changes) {\n            slackChanges = slackChanges + change.filename + ' (' + change.status + ') | Additions ' + change.additions + ' | Deletions ' + change.deletions + ' | Total ' + change.changes + ':\\\\n';\n            htmlChanges = htmlChanges + change.filename + ' (' + change.status + ') | Additions ' + change.additions + ' | Deletions ' + change.deletions + ' | Total ' + change.changes + ':';\n            if (change.status == 'modified'){\n                slackChanges = slackChanges + '```' + change.patch.split('@@')[2].replace(/\\n/g, '\\\\n') + '```\\\\n\\\\n';\n                htmlChanges = htmlChanges + '<pre>' + change.patch.split('@@')[2] + '</pre><br><br>';\n            }\n        }\n        \n        output['Slack Changes'] = slackChanges;\n        output['HTML Changes'] = htmlChanges;\n    } else {\n        console.log(response.body);\n        throw Error(\"Invalid response getting commit\");\n    }\n} catch (err) {\n    if (contOnError == true) {\n        //Enter what you want to do if there is an error, but continuing flow\n        console.log(err.message);\n        output['Step Error'] = 'true';\n        output['URL'] = '';\n        output['Committer Name'] = '';\n        output['Committer Email'] = '';\n        output['Author Name'] = '';\n        output['Author Email'] = '';\n        output['Timestamp'] = '';\n        output['Message'] = '';\n        output['Slack Changes'] = '';\n        output['HTML Changes'] = '';\n    } else {\n        //Enter what you want to do if there is an error\n        output['Step Error'] = 'true';\n        output['URL'] = '';\n        output['Committer Name'] = '';\n        output['Committer Email'] = '';\n        output['Author Name'] = '';\n        output['Author Email'] = '';\n        output['Timestamp'] = '';\n        output['Message'] = '';\n        output['Slack Changes'] = '';\n        output['HTML Changes'] = '';\n        throw new Error(err);\n    }\n}",
    "endpointAuthType": "BASIC",
    "endpointLabel": "GitHub",
    "allowedEnvironment": "HOSTED",
    "accessibleByAll": "NotShared",
    "scriptStepType": "USER",
    "inputs": [
      {
        "id": "7024e3a6-88f3-4124-9144-5487a9be1463",
        "name": "Continue On Error",
        "helpText": "Should the step continue the flow if an error is encountered. If later steps rely on outputs they could fail.",
        "defaultValue": "false",
        "multiline": false,
        "required": false,
        "maxLength": 5,
        "minLength": 0,
        "position": 0
      },
      {
        "id": "c202d02e-425a-4f2d-bba3-dbc32b9b219c",
        "name": "Repository Owner",
        "helpText": "Repository owner (https://github.com/<owner>/<repo_name>)",
        "defaultValue": "",
        "multiline": false,
        "required": false,
        "validationRegex": "",
        "maxLength": 2000,
        "minLength": 0,
        "position": 1
      },
      {
        "id": "f85ea9f6-5446-4fc0-a627-c4ec95a683c9",
        "name": "Repository Name",
        "helpText": "The name of the repository (https://github.com/<owner>/<repo_name>)",
        "defaultValue": "",
        "multiline": false,
        "required": false,
        "maxLength": 2000,
        "minLength": 0,
        "position": 2
      },
      {
        "id": "8711513e-cc88-469f-a7c7-d863108fea80",
        "name": "SHA",
        "helpText": "Commit SHA",
        "defaultValue": "",
        "multiline": false,
        "required": false,
        "validationRegex": "",
        "maxLength": 2000,
        "minLength": 0,
        "position": 3
      }
    ],
    "outputs": [
      {
        "id": "fd9cd7e6-0374-43a7-a49a-3d7d69e1d841",
        "name": "URL",
        "description": "URL to the commit",
        "position": 0
      },
      {
        "id": "6789ff1f-d8bb-4da6-a02a-8a76088027b7",
        "name": "Committer Name",
        "description": "Account name used to make the commit",
        "position": 1
      },
      {
        "id": "1b5f4113-b636-4002-91ec-ec4b299997a1",
        "name": "Committer Email",
        "description": "Email address for the account used to make the commit",
        "position": 2
      },
      {
        "id": "109a3a8f-8c05-4c3f-91c7-67832aed98d2",
        "name": "Author Name",
        "description": "Account name used to author the code",
        "position": 3
      },
      {
        "id": "962d318d-61c4-4eb1-92c8-84e9faaa9ee7",
        "name": "Author Email",
        "description": "Email address for the account used to author the code",
        "position": 4
      },
      {
        "id": "f3414279-d12a-409d-8fb8-86bcf9a5aa1f",
        "name": "Timestamp",
        "description": "Timestamp the commit was made",
        "position": 5
      },
      {
        "id": "212b2508-2724-4ada-9155-b1c07a05a452",
        "name": "Message",
        "description": "The message for the commit",
        "position": 6
      },
      {
        "id": "a5339481-f696-449e-8027-648d244fa3ea",
        "name": "Slack Changes",
        "description": "Commit changes in Slack markdown format",
        "position": 7
      },
      {
        "id": "498f4f1e-6e20-40fd-b7dd-7c11b815369b",
        "name": "HTML Changes",
        "description": "Commit changes in HTML format",
        "position": 8
      },
      {
        "id": "df66f48c-91df-426d-9d2d-183ac241f27c",
        "name": "Step Error",
        "description": "If there was a step error will be true else false",
        "position": 9
      }
    ],
    "libraries": []
  },
  {
    "id": "11ec6aa0-7fff-4763-b841-853639c51d89",
    "name": "GitHub - Get Last Commit",
    "description": "Query for the last commit. Endpoint is https://api.github.com Credentials are username and personal access token",
    "icon": "https://s3-xmatters-static.s3.amazonaws.com/null/customers/b37a4596-1e89-4b51-98cd-83844cf25f31/IMAGE__20211019211928576__GitHub_Mark_64px.png",
    "script": "/*\nThe endpoint should be 'https://api.github.com'\nIf accessing private repo use basic auth with a personal access token\n*/\n\noutput['Step Error'] = 'false';\nswitch (input['Continue On Error'].toLowerCase().trim()) {\n    case 'true': case 'yes': case '1': contOnError = true; break;\n    default: contOnError = false;\n}\ntry {\n    var owner = '';\n    if(input['Repository Owner']){\n        owner = input['Repository Owner'];\n    } else {\n        throw new Error('Must provide Repository Owner');\n    }\n    \n    var repoName = '';\n    if(input['Repository Name']){\n        repoName = input['Repository Name'];\n    } else {\n        throw new Error('Must provide Repository Name');\n    }\n    \n    var ref = '';\n    if(input['Ref']){\n        ref = input['Ref'];\n    } else {\n        throw new Error('Must provide Ref');\n    }\n    \n    var request = http.request({\n        'endpoint': 'GitHub',\n        'path': '/repos/' + owner + '/' + repoName + '/commits/' + ref,\n        'method': 'GET',\n    });\n    var response = request.write();\n    \n    if (response.statusCode == '200'){\n        var payload = JSON.parse(response.body);\n        \n        output['URL'] = payload.html_url;\n        output['SHA'] = payload.sha;\n        output['Committer Name']  = payload.commit.committer.name;\n        output['Committer Email'] = payload.commit.committer.email;\n        output['Author Name'] = payload.commit.author.name;\n        output['Author Email'] = payload.commit.author.email;\n        output['Timestamp'] = payload.commit.committer.date;\n        output['Message'] = payload.commit.message;\n        \n        changes = payload.files;\n        \n        slackChanges = '';\n        htmlChanges = '';\n        \n        for (change of changes) {\n            slackChanges = slackChanges + change.filename + ' (' + change.status + ') | Additions ' + change.additions + ' | Deletions ' + change.deletions + ' | Total ' + change.changes + ':\\\\n';\n            htmlChanges = htmlChanges + change.filename + ' (' + change.status + ') | Additions ' + change.additions + ' | Deletions ' + change.deletions + ' | Total ' + change.changes + ':';\n            if (change.status == 'modified'){\n                slackChanges = slackChanges + '```' + change.patch.split('@@')[2].replace(/\\n/g, '\\\\n') + '```\\\\n\\\\n';\n                htmlChanges = htmlChanges + '<pre>' + change.patch.split('@@')[2] + '</pre><br><br>';\n            }\n        }\n        \n        output['Slack Changes'] = slackChanges;\n        output['HTML Changes'] = htmlChanges;\n    } else {\n        console.log(response.body);\n        throw new Error('Invalid response get last commit');\n    }\n} catch (err) {\n    if (contOnError == true) {\n        //Enter what you want to do if there is an error, but continuing flow\n        console.log(err.message);\n        output['Step Error'] = 'true';\n        output['URL'] = '';\n        output['SHA'] = '';\n        output['Committer Name']  = '';\n        output['Committer Email'] = '';\n        output['Author Name'] = '';\n        output['Author Email'] = '';\n        output['Timestamp'] = '';\n        output['Message'] = '';\n        output['Slack Changes'] = '';\n        output['HTML Changes'] = '';\n    } else {\n        //Enter what you want to do if there is an error\n        output['Step Error'] = 'true';\n        output['URL'] = '';\n        output['SHA'] = '';\n        output['Committer Name']  = '';\n        output['Committer Email'] = '';\n        output['Author Name'] = '';\n        output['Author Email'] = '';\n        output['Timestamp'] = '';\n        output['Message'] = '';\n        output['Slack Changes'] = '';\n        output['HTML Changes'] = '';\n        throw new Error(err);\n    }\n}",
    "endpointAuthType": "BASIC",
    "endpointLabel": "GitHub",
    "allowedEnvironment": "HOSTED",
    "accessibleByAll": "NotShared",
    "scriptStepType": "USER",
    "inputs": [
      {
        "id": "c3562ee3-6c80-4f6a-9260-bb6dbac25f64",
        "name": "Continue On Error",
        "helpText": "Should the step continue the flow if an error is encountered. If later steps rely on outputs they could fail.",
        "defaultValue": "false",
        "multiline": false,
        "required": false,
        "maxLength": 5,
        "minLength": 0,
        "position": 0
      },
      {
        "id": "cf6a471a-7d57-40ae-b5c0-cf076134d3d4",
        "name": "Repository Owner",
        "helpText": "Repository owner (https://github.com/<owner>/<repo_name>)",
        "defaultValue": "",
        "multiline": false,
        "required": false,
        "validationRegex": "",
        "maxLength": 2000,
        "minLength": 0,
        "position": 1
      },
      {
        "id": "1f179fb2-399c-43aa-8764-128a55f1ffeb",
        "name": "Repository Name",
        "helpText": "The name of the repository (https://github.com/<owner>/<repo_name>)",
        "defaultValue": "",
        "multiline": false,
        "required": false,
        "validationRegex": "",
        "maxLength": 2000,
        "minLength": 0,
        "position": 2
      },
      {
        "id": "b184bf68-390c-49d1-8cb4-20db9ca76dd7",
        "name": "Ref",
        "helpText": "Branch or Tag",
        "defaultValue": "",
        "multiline": false,
        "required": false,
        "maxLength": 2000,
        "minLength": 0,
        "position": 3
      }
    ],
    "outputs": [
      {
        "id": "bcaaaa0a-0dc9-4e64-917b-f56d8d75704e",
        "name": "URL",
        "description": "URL to the commit",
        "position": 0
      },
      {
        "id": "ea947e18-f303-4890-a025-6a9e2a1229b8",
        "name": "SHA",
        "description": "Commit SHA",
        "position": 1
      },
      {
        "id": "f464390e-7dc6-4e7d-821e-c805c58f2f94",
        "name": "Committer Name",
        "description": "Account name used to make the commit",
        "position": 2
      },
      {
        "id": "86cebeb2-ff9a-492f-a081-09f4da9af120",
        "name": "Committer Email",
        "description": "Email address for the account used to make the commit",
        "position": 3
      },
      {
        "id": "6cc021b7-f2f9-4dfd-ab7e-d5fcd2ebb09f",
        "name": "Author Name",
        "description": "Account name used to make the commit",
        "position": 4
      },
      {
        "id": "cf1833b8-abb8-40be-b37e-35314a27568d",
        "name": "Author Email",
        "description": "Email address for the account used to make the commit",
        "position": 5
      },
      {
        "id": "39ea9a1c-cd78-4677-bfc6-c5a02f322fa6",
        "name": "Timestamp",
        "description": "Timestamp the commit was made",
        "position": 6
      },
      {
        "id": "5e0f31e3-b1b2-4c01-82fb-d1ce2424c62f",
        "name": "Message",
        "description": "The message for the commit",
        "position": 7
      },
      {
        "id": "6ca6f78c-15ec-469f-b9bf-113d46b40fb1",
        "name": "Slack Changes",
        "description": "Commit changes in Slack markdown format",
        "position": 8
      },
      {
        "id": "bc3d29db-32ca-46aa-b2fd-8f1e252b77d8",
        "name": "HTML Changes",
        "description": "Commit changes in HTML format",
        "position": 9
      },
      {
        "id": "2a8f86c3-e6db-4cb5-aa1a-b183d8b3213f",
        "name": "Step Error",
        "description": "If there was a step error will be true else false",
        "position": 10
      }
    ],
    "libraries": []
  },
  {
    "id": "1a0d4d54-1cbe-437e-8dd9-94b7cc51a3de",
    "name": "GitHub - Get Pull Request",
    "description": "Get pull request details. Endpoint is https://api.github.com Credentials are username and personal access token",
    "icon": "https://s3-xmatters-static.s3.amazonaws.com/null/customers/b37a4596-1e89-4b51-98cd-83844cf25f31/IMAGE__20211019211928576__GitHub_Mark_64px.png",
    "script": "// The endpoint should be 'https://api.github.com'\n//If accessing private repo use basic auth with a personal access token\n\noutput['Step Error'] = 'false';\nswitch (input['Continue On Error'].toLowerCase().trim()) {\n    case 'true': case 'yes': case '1': contOnError = true; break;\n    default: contOnError = false;\n}\ntry {\n    var owner = '';\n    if(input['Repository Owner']){\n        owner = input['Repository Owner'];\n    } else {\n        throw new Error('Must provide Repository Owner');\n    }\n    \n    var repoName = '';\n    if(input['Repository Name']){\n        repoName = input['Repository Name'];\n    } else {\n        throw new Error('Must provide Repository Name');\n    }\n    \n    var prNumber = '';\n    if(input['Pull Request Number']){\n        prNumber = input['Pull Request Number'];\n    } else {\n        throw new Error('Must provide the Pull Request Number');\n    }\n    \n    path = '/repos/' + owner + '/' + repoName + '/pulls/' + prNumber;\n    \n    var request = http.request({\n        'endpoint': 'GitHub',\n        'path': path,\n        'method': 'GET',\n    });\n    var response = request.write();\n    \n    if(response.statusCode == 200){\n        var payload = JSON.parse(response.body);\n        \n        output['URL'] = payload.html_url;\n        output['Requestor Name'] = payload.user.login;\n        output['Timestamp'] = payload.created_at;\n        output['Title'] = payload.title;\n        output['Message'] = payload.body;\n        output['Source'] = payload.head.ref;\n        output['Target'] = payload.base.ref;\n    } else {\n        throw new Error('Invalid response getting pull request');\n    }\n} catch (err) {\n    if (contOnError == true) {\n        //Enter what you want to do if there is an error, but continuing flow\n        console.log(err.message);\n        output['Step Error'] = 'true';\n        output['URL'] = '';\n        output['Requestor Name'] = '';\n        output['Timestamp'] = '';\n        output['Title'] = '';\n        output['Message'] = '';\n        output['Source'] = '';\n        output['Target'] = '';\n    } else {\n        //Enter what you want to do if there is an error\n        output['Step Error'] = 'true';\n        output['URL'] = '';\n        output['Requestor Name'] = '';\n        output['Timestamp'] = '';\n        output['Title'] = '';\n        output['Message'] = '';\n        output['Source'] = '';\n        output['Target'] = '';\n        throw new Error(err);\n    }\n}",
    "endpointAuthType": "BASIC",
    "endpointLabel": "GitHub",
    "allowedEnvironment": "HOSTED",
    "accessibleByAll": "NotShared",
    "scriptStepType": "USER",
    "inputs": [
      {
        "id": "aac9df39-e45e-4f56-835f-ef318f7826d9",
        "name": "Continue On Error",
        "helpText": "Should the step continue the flow if an error is encountered. If later steps rely on outputs they could fail.",
        "defaultValue": "false",
        "multiline": false,
        "required": false,
        "maxLength": 5,
        "minLength": 0,
        "position": 0
      },
      {
        "id": "ee75bc53-3bf0-40e7-9fa3-e07c1d47edf7",
        "name": "Repository Owner",
        "helpText": "Repository owner (https://github.com/<owner>/<repo_name>)",
        "defaultValue": "",
        "multiline": false,
        "required": false,
        "validationRegex": "",
        "maxLength": 2000,
        "minLength": 0,
        "position": 1
      },
      {
        "id": "cd64b74b-e850-4348-88b9-9e0710132d0c",
        "name": "Repository Name",
        "helpText": "The name of the repository (https://github.com/<owner>/<repo_name>)",
        "defaultValue": "",
        "multiline": false,
        "required": false,
        "maxLength": 2000,
        "minLength": 0,
        "position": 2
      },
      {
        "id": "4e7a06cf-d67d-4c47-bbca-96d0b7ba2af5",
        "name": "Pull Request Number",
        "helpText": "The pull request number",
        "defaultValue": "",
        "multiline": false,
        "required": false,
        "validationRegex": "",
        "maxLength": 2000,
        "minLength": 0,
        "position": 3
      }
    ],
    "outputs": [
      {
        "id": "27335d73-d351-4221-a27a-9d5ea998347e",
        "name": "URL",
        "description": "Pull request URL",
        "position": 0
      },
      {
        "id": "e0e50b8d-2865-4a8e-b6ad-ddf42fccdebf",
        "name": "Requestor Name",
        "description": "Requestor account name",
        "position": 1
      },
      {
        "id": "69eb6a18-6796-4074-9043-63166a6f622a",
        "name": "Timestamp",
        "description": "Pull request time stamp",
        "position": 2
      },
      {
        "id": "558754be-43c3-46e8-895a-92b1f86e75d0",
        "name": "Title",
        "description": "Pull request title",
        "position": 3
      },
      {
        "id": "a0493881-95b7-4a53-838a-fe73a13028c9",
        "name": "Message",
        "description": "Pull request message",
        "position": 4
      },
      {
        "id": "a0e35cde-0d46-46ad-b818-da4faa3d4dd1",
        "name": "Source",
        "description": "Pull request source",
        "position": 5
      },
      {
        "id": "9c0be3ef-799d-4fef-b69e-4169cb84782c",
        "name": "Target",
        "description": "Pull request target",
        "position": 6
      },
      {
        "id": "417e3c2b-41cc-4e93-b791-444424cffb0b",
        "name": "Step Error",
        "description": "If there was a step error will be true else false",
        "position": 7
      }
    ],
    "libraries": []
  },
  {
    "id": "e286bfb3-7e01-4024-a35c-d07125cd9b16",
    "name": "GitHub - Trigger Workflow",
    "description": "Trigger a Github workflow set for \"dispatch\". Endpoint is https://api.github.com Credentials are username and personal access token",
    "icon": "https://s3-xmatters-static.s3.amazonaws.com/null/customers/c7ec6115-b3a8-4568-a32f-bd79a16602fe/IMAGE__20190820180534159__Github2.png",
    "script": "// The endpoint should be 'https://api.github.com'\n//If accessing private repo use basic auth with a personal access token\n\noutput['Step Error'] = 'false';\nswitch (input['Continue On Error'].toLowerCase().trim()) {\n    case 'true': case 'yes': case '1': contOnError = true; break;\n    default: contOnError = false;\n}\ntry {\n    var owner = '';\n    if (input['Repository Owner']){\n        owner = input['Repository Owner'];\n    } else {\n        throw new Error('Must provide Repository Owner');\n    }\n    var repoName = '';\n    if (input['Repository Name']) {\n        repoName = input['Repository Name'];\n    } else {\n        throw new Error('Must provide Repository Name');\n    }\n    var workflow = '';\n    if(input['Workflow']){\n        workflow = input['Workflow'];\n    } else {\n        throw new Error('Must provide Workflow');\n    }\n    var ref = '';\n    if (input['Ref']){\n        ref = input['Ref'];\n    } else {\n        throw new Error('Must provide Ref');\n    }\n    \n    var path = '/repos/' + owner + '/' + repoName + '/actions/workflows/' + workflow + '/dispatches';\n    \n    var request = http.request({\n        'endpoint': 'GitHub',\n        'path': path,\n        'method': 'POST',\n    });\n    \n    body = {\n        \"ref\": ref\n    };\n   \n    if (input['Workflow Inputs']) {\n        body.inputs = JSON.parse('{' + input['Workflow Inputs'] + '}');\n    }\n    \n    var response = request.write(body);\n    \n    if (response.statusCode == '204'){\n        console.log('Success');\n    } else {\n        console.log(response.body);\n        throw Error(\"Invalid response triggering workflow\");\n    }\n} catch (err) {\n    if (contOnError == true) {\n        //Enter what you want to do if there is an error, but continuing flow\n        console.log(err.message);\n        output['Step Error'] = 'true';\n    } else {\n        //Enter what you want to do if there is an error\n        output['Step Error'] = 'true';\n        throw new Error(err);\n    }\n}",
    "endpointAuthType": "BASIC",
    "endpointLabel": "GitHub",
    "allowedEnvironment": "HOSTED",
    "accessibleByAll": "NotShared",
    "scriptStepType": "USER",
    "inputs": [
      {
        "id": "f826f31e-4839-4a20-bc89-effbde4c9837",
        "name": "Continue On Error",
        "helpText": "Should the step continue the flow if an error is encountered. If later steps rely on outputs they could fail.",
        "defaultValue": "false",
        "multiline": false,
        "required": false,
        "maxLength": 5,
        "minLength": 0,
        "position": 0
      },
      {
        "id": "faa5e810-7587-4171-a677-9f3821b12bab",
        "name": "Repository Owner",
        "helpText": "Repository owner (https://github.com/<owner>/<repo_name>)",
        "defaultValue": "",
        "multiline": false,
        "required": false,
        "maxLength": 2000,
        "minLength": 0,
        "position": 1
      },
      {
        "id": "fe8ba497-86e5-4607-8bc6-1689ade6d72e",
        "name": "Repository Name",
        "helpText": "The name of the repository (https://github.com/<owner>/<repo_name>)",
        "defaultValue": "",
        "multiline": false,
        "required": false,
        "validationRegex": "",
        "maxLength": 2000,
        "minLength": 0,
        "position": 2
      },
      {
        "id": "3d53de3d-42a0-4877-ac62-9528ae441601",
        "name": "Workflow",
        "helpText": "Workflow ID or file name",
        "defaultValue": "",
        "multiline": false,
        "required": false,
        "validationRegex": "",
        "maxLength": 20000,
        "minLength": 0,
        "position": 3
      },
      {
        "id": "6001bc3a-3039-4410-a6ba-22503ce5476e",
        "name": "Ref",
        "helpText": "Branch or Tag where the workflow is located",
        "defaultValue": "",
        "multiline": false,
        "required": false,
        "maxLength": 2000,
        "minLength": 0,
        "position": 4
      },
      {
        "id": "de47bdfb-9b7a-4970-b9f9-a6282e0567e3",
        "name": "Workflow Inputs",
        "helpText": "Comma separated list of key value pairs for the inputs of the GitHub Action workflow. (\"input1\":\"value1\",\"input2\":\"value\")",
        "defaultValue": "",
        "multiline": false,
        "required": false,
        "maxLength": 20000,
        "minLength": 0,
        "position": 5
      }
    ],
    "outputs": [
      {
        "id": "41315b43-e54f-4423-a2de-128ddf91d321",
        "name": "Step Error",
        "description": "If there was a step error will be true else false",
        "position": 0
      }
    ],
    "libraries": []
  }
]