[
  {
    "id": "9b8bddb4-0b47-47af-85ce-5e232db902ee",
    "name": "Do Nothing Trigger",
    "description": "Just triggers a flow",
    "icon": "/static/images/script_steps/http-trigger.png",
    "script": "//",
    "endpointLabel": "",
    "allowedEnvironment": "HOSTED",
    "accessibleByAll": "NotShared",
    "scriptStepType": "CUSTOM_HTTP",
    "inputs": [],
    "outputs": [
      {
        "id": "bb2ae329-1257-415c-a7c2-31f7e7ffc61c",
        "name": "Data",
        "description": "",
        "position": 0
      }
    ],
    "libraries": []
  },
  {
    "id": "abbc205d-3186-4d18-ad7d-32f1f4c26dde",
    "name": "GitHub - Get last commit",
    "description": "",
    "icon": "http://s3-xmatters-static.s3.amazonaws.com/null/customers/99cee7bb-651f-4a52-b7fe-3a9af00d22f9/IMAGE__20191004211113140__GitHub-small.png",
    "script": "\n// The endpoint should be 'https://api.github.com'\n// with no authentication.\nvar githubRequest = http.request({\n    'endpoint': 'GitHub',\n    'path': '/repos/' + input[\"Username\"] + '/' + input[\"Repository\"] + '/commits/master',\n    'method': 'GET',\n});\nvar githubResponse = githubRequest.write();\n\nvar gcommit = JSON.parse(githubResponse.body);\n\n\noutput['URL']          = gcommit.commit.url;\noutput['Sha']          = gcommit.sha;\noutput['Author_Name']  = gcommit.commit.committer.name;\noutput['Author_Email'] = gcommit.commit.committer.email;\noutput['Timestamp']    = gcommit.commit.committer.date;\noutput['Message']      = gcommit.commit.message;\n\n",
    "endpointLabel": "GitHub",
    "allowedEnvironment": "HOSTED",
    "accessibleByAll": "NotShared",
    "scriptStepType": "USER",
    "inputs": [
      {
        "id": "175d8ce4-8048-4c5e-b42c-ef6810a418b9",
        "name": "Username",
        "helpText": "",
        "defaultValue": "",
        "multiline": false,
        "required": true,
        "validationRegex": "",
        "maxLength": 2000,
        "minLength": 0,
        "position": 0
      },
      {
        "id": "c712f2e0-bc1b-4b83-a1f3-961256d101ca",
        "name": "Repository",
        "helpText": "",
        "defaultValue": "",
        "multiline": false,
        "required": true,
        "validationRegex": "",
        "maxLength": 2000,
        "minLength": 0,
        "position": 1
      }
    ],
    "outputs": [
      {
        "id": "8c796462-c08c-4955-a547-4cd4d36bbc9a",
        "name": "URL",
        "description": "",
        "position": 0
      },
      {
        "id": "040d8b30-2edd-4d89-ac2a-247fc236130b",
        "name": "Sha",
        "description": "",
        "position": 1
      },
      {
        "id": "9d7bc30e-d218-4d14-87a3-b98eeec6675e",
        "name": "Author_Name",
        "description": "",
        "position": 2
      },
      {
        "id": "b557c5c9-783a-42af-a5f1-e311093cbf9c",
        "name": "Author_Email",
        "description": "",
        "position": 3
      },
      {
        "id": "c5fde00a-e0bb-4be2-a61b-74b728207339",
        "name": "Timestamp",
        "description": "",
        "position": 4
      },
      {
        "id": "47faa87f-74ca-46dd-9228-b241bdabd682",
        "name": "Message",
        "description": "",
        "position": 5
      }
    ],
    "libraries": []
  }
]